storage_time,drying_type,insect,sample,treatment,parameter,rep,value,detection_limit
0,oven,mw,control,oven,tvc,1,5.92,1.95
0,oven,mw,control,oven,tvc,2,6.12,1.95
0,oven,mw,control,oven,tvc,3,6,1.95
0,oven,mw,leeb,oven_leeb,tvc,1,1.95,1.95
0,oven,mw,leeb,oven_leeb,tvc,2,2.05,1.95
0,oven,mw,leeb,oven_leeb,tvc,3,1.95,1.95
1,oven,mw,control,oven,tvc,1,5.76,1.95
1,oven,mw,control,oven,tvc,2,5.61,1.95
1,oven,mw,control,oven,tvc,3,5.95,1.95
1,oven,mw,leeb,oven_leeb,tvc,1,1.95,1.95
1,oven,mw,leeb,oven_leeb,tvc,2,1.95,1.95
1,oven,mw,leeb,oven_leeb,tvc,3,1.95,1.95
2,oven,mw,control,oven,tvc,1,5.6,1.95
2,oven,mw,control,oven,tvc,2,6.13,1.95
2,oven,mw,control,oven,tvc,3,6.06,1.95
2,oven,mw,leeb,oven_leeb,tvc,1,2.9,1.95
2,oven,mw,leeb,oven_leeb,tvc,2,2.9,1.95
2,oven,mw,leeb,oven_leeb,tvc,3,3.4,1.95
3,oven,mw,control,oven,tvc,1,5.7,1.95
3,oven,mw,control,oven,tvc,2,5.8,1.95
3,oven,mw,control,oven,tvc,3,5.7,1.95
3,oven,mw,leeb,oven_leeb,tvc,1,2.9,1.95
3,oven,mw,leeb,oven_leeb,tvc,2,2.7,1.95
3,oven,mw,leeb,oven_leeb,tvc,3,2.9,1.95
4,oven,mw,control,oven,tvc,1,5.2,1.95
4,oven,mw,control,oven,tvc,2,5.1,1.95
4,oven,mw,control,oven,tvc,3,5.2,1.95
4,oven,mw,leeb,oven_leeb,tvc,1,2.8,1.95
4,oven,mw,leeb,oven_leeb,tvc,2,2.9,1.95
4,oven,mw,leeb,oven_leeb,tvc,3,3.1,1.95
5,oven,mw,control,oven,tvc,1,5.3,1.95
5,oven,mw,control,oven,tvc,2,5.3,1.95
5,oven,mw,control,oven,tvc,3,5.4,1.95
5,oven,mw,leeb,oven_leeb,tvc,1,2.8,1.95
5,oven,mw,leeb,oven_leeb,tvc,2,2.5,1.95
5,oven,mw,leeb,oven_leeb,tvc,3,2.5,1.95
6,oven,mw,control,oven,tvc,1,4.9,1.95
6,oven,mw,control,oven,tvc,2,5,1.95
6,oven,mw,control,oven,tvc,3,4.8,1.95
6,oven,mw,leeb,oven_leeb,tvc,1,2.9,1.95
6,oven,mw,leeb,oven_leeb,tvc,2,3,1.95
6,oven,mw,leeb,oven_leeb,tvc,3,2.8,1.95
0,oven,mw,control,oven,anaer.tvc,1,5.69,1
0,oven,mw,control,oven,anaer.tvc,2,5.85,1
0,oven,mw,control,oven,anaer.tvc,3,5.47,1
0,oven,mw,leeb,oven_leeb,anaer.tvc,1,1.87,1
0,oven,mw,leeb,oven_leeb,anaer.tvc,2,1.78,1
0,oven,mw,leeb,oven_leeb,anaer.tvc,3,1.95,1
1,oven,mw,control,oven,anaer.tvc,1,4.25,1
1,oven,mw,control,oven,anaer.tvc,2,3.69,1
1,oven,mw,control,oven,anaer.tvc,3,3.62,1
1,oven,mw,leeb,oven_leeb,anaer.tvc,1,1,1
1,oven,mw,leeb,oven_leeb,anaer.tvc,2,1,1
1,oven,mw,leeb,oven_leeb,anaer.tvc,3,1,1
2,oven,mw,control,oven,anaer.tvc,1,4.76,1
2,oven,mw,control,oven,anaer.tvc,2,5.19,1
2,oven,mw,control,oven,anaer.tvc,3,4.89,1
2,oven,mw,leeb,oven_leeb,anaer.tvc,1,1,1
2,oven,mw,leeb,oven_leeb,anaer.tvc,2,1,1
2,oven,mw,leeb,oven_leeb,anaer.tvc,3,1,1
3,oven,mw,control,oven,anaer.tvc,1,5.6,1
3,oven,mw,control,oven,anaer.tvc,2,5.54,1
3,oven,mw,control,oven,anaer.tvc,3,5.16,1
3,oven,mw,leeb,oven_leeb,anaer.tvc,1,1,1
3,oven,mw,leeb,oven_leeb,anaer.tvc,2,1,1
3,oven,mw,leeb,oven_leeb,anaer.tvc,3,1,1
4,oven,mw,control,oven,anaer.tvc,1,4.39,1
4,oven,mw,control,oven,anaer.tvc,2,4.72,1
4,oven,mw,control,oven,anaer.tvc,3,3.27,1
4,oven,mw,leeb,oven_leeb,anaer.tvc,1,2.18,1
4,oven,mw,leeb,oven_leeb,anaer.tvc,2,1.95,1
4,oven,mw,leeb,oven_leeb,anaer.tvc,3,1.93,1
5,oven,mw,control,oven,anaer.tvc,1,3.52,1
5,oven,mw,control,oven,anaer.tvc,2,3.75,1
5,oven,mw,control,oven,anaer.tvc,3,3.14,1
5,oven,mw,leeb,oven_leeb,anaer.tvc,1,1,1
5,oven,mw,leeb,oven_leeb,anaer.tvc,2,1.8,1
5,oven,mw,leeb,oven_leeb,anaer.tvc,3,1,1
6,oven,mw,control,oven,anaer.tvc,1,3.7,1
6,oven,mw,control,oven,anaer.tvc,2,3.68,1
6,oven,mw,control,oven,anaer.tvc,3,3.76,1
6,oven,mw,leeb,oven_leeb,anaer.tvc,1,3.16,1
6,oven,mw,leeb,oven_leeb,anaer.tvc,2,1.64,1
6,oven,mw,leeb,oven_leeb,anaer.tvc,3,2.18,1
0,oven,bsfl,control,oven,tvc,1,4.4,1.95
0,oven,bsfl,control,oven,tvc,2,3.9,1.95
0,oven,bsfl,control,oven,tvc,3,3.8,1.95
0,oven,bsfl,leeb,oven_leeb,tvc,1,3,1.95
0,oven,bsfl,leeb,oven_leeb,tvc,2,3.1,1.95
0,oven,bsfl,leeb,oven_leeb,tvc,3,3.1,1.95
1,oven,bsfl,control,oven,tvc,1,3.9,1.95
1,oven,bsfl,control,oven,tvc,2,3.9,1.95
1,oven,bsfl,control,oven,tvc,3,3.7,1.95
1,oven,bsfl,leeb,oven_leeb,tvc,1,3.4,1.95
1,oven,bsfl,leeb,oven_leeb,tvc,2,3.3,1.95
3,oven,bsfl,control,oven,tvc,1,3.7,1.95
3,oven,bsfl,control,oven,tvc,2,3.8,1.95
3,oven,bsfl,control,oven,tvc,3,3.8,1.95
3,oven,bsfl,leeb,oven_leeb,tvc,1,3.4,1.95
3,oven,bsfl,leeb,oven_leeb,tvc,2,3.2,1.95
3,oven,bsfl,leeb,oven_leeb,tvc,3,3.2,1.95
4,oven,bsfl,control,oven,tvc,1,4,1.95
4,oven,bsfl,control,oven,tvc,2,4.1,1.95
4,oven,bsfl,control,oven,tvc,3,3.8,1.95
4,oven,bsfl,leeb,oven_leeb,tvc,1,3.4,1.95
4,oven,bsfl,leeb,oven_leeb,tvc,2,3.5,1.95
4,oven,bsfl,leeb,oven_leeb,tvc,3,3.4,1.95
5,oven,bsfl,control,oven,tvc,1,4.2,1.95
5,oven,bsfl,control,oven,tvc,2,3.8,1.95
5,oven,bsfl,control,oven,tvc,3,4,1.95
5,oven,bsfl,leeb,oven_leeb,tvc,1,3.7,1.95
5,oven,bsfl,leeb,oven_leeb,tvc,2,3.4,1.95
5,oven,bsfl,leeb,oven_leeb,tvc,3,3.5,1.95
6,oven,bsfl,control,oven,tvc,1,4.2,1.95
6,oven,bsfl,control,oven,tvc,2,4,1.95
6,oven,bsfl,control,oven,tvc,3,3.9,1.95
6,oven,bsfl,leeb,oven_leeb,tvc,1,3.3,1.95
6,oven,bsfl,leeb,oven_leeb,tvc,2,3.4,1.95
6,oven,bsfl,leeb,oven_leeb,tvc,3,3.2,1.95
0,oven,bsfl,control,oven,anaer.tvc,1,2.1,1
0,oven,bsfl,control,oven,anaer.tvc,2,2.4,1
0,oven,bsfl,control,oven,anaer.tvc,3,1.7,1
0,oven,bsfl,leeb,oven_leeb,anaer.tvc,1,1,1
0,oven,bsfl,leeb,oven_leeb,anaer.tvc,2,1,1
0,oven,bsfl,leeb,oven_leeb,anaer.tvc,3,1.2,1
1,oven,bsfl,control,oven,anaer.tvc,1,1.7,1
1,oven,bsfl,control,oven,anaer.tvc,2,1.7,1
1,oven,bsfl,control,oven,anaer.tvc,3,1.8,1
1,oven,bsfl,leeb,oven_leeb,anaer.tvc,1,1,1
1,oven,bsfl,leeb,oven_leeb,anaer.tvc,2,1,1
1,oven,bsfl,leeb,oven_leeb,anaer.tvc,3,1,1
2,oven,bsfl,control,oven,anaer.tvc,1,1.87,1
2,oven,bsfl,control,oven,anaer.tvc,2,1.7,1
2,oven,bsfl,control,oven,anaer.tvc,3,1,1
2,oven,bsfl,leeb,oven_leeb,anaer.tvc,1,1.67,1
2,oven,bsfl,leeb,oven_leeb,anaer.tvc,2,2.42,1
2,oven,bsfl,leeb,oven_leeb,anaer.tvc,3,2.4,1
3,oven,bsfl,control,oven,anaer.tvc,1,1.6,1
3,oven,bsfl,control,oven,anaer.tvc,2,1.7,1
3,oven,bsfl,control,oven,anaer.tvc,3,1.7,1
3,oven,bsfl,leeb,oven_leeb,anaer.tvc,1,1,1
3,oven,bsfl,leeb,oven_leeb,anaer.tvc,2,1,1
3,oven,bsfl,leeb,oven_leeb,anaer.tvc,3,1,1
4,oven,bsfl,control,oven,anaer.tvc,1,3.3,1
4,oven,bsfl,control,oven,anaer.tvc,2,2.8,1
4,oven,bsfl,control,oven,anaer.tvc,3,3.7,1
4,oven,bsfl,leeb,oven_leeb,anaer.tvc,1,1,1
4,oven,bsfl,leeb,oven_leeb,anaer.tvc,2,1,1
4,oven,bsfl,leeb,oven_leeb,anaer.tvc,3,1,1
5,oven,bsfl,control,oven,anaer.tvc,1,1.48,1
5,oven,bsfl,control,oven,anaer.tvc,2,1.78,1
5,oven,bsfl,control,oven,anaer.tvc,3,2.53,1
5,oven,bsfl,leeb,oven_leeb,anaer.tvc,1,1,1
5,oven,bsfl,leeb,oven_leeb,anaer.tvc,2,1,1
5,oven,bsfl,leeb,oven_leeb,anaer.tvc,3,1,1
6,oven,bsfl,control,oven,anaer.tvc,1,3.2,1
6,oven,bsfl,control,oven,anaer.tvc,2,1,1
6,oven,bsfl,control,oven,anaer.tvc,3,1,1
6,oven,bsfl,leeb,oven_leeb,anaer.tvc,1,1,1
6,oven,bsfl,leeb,oven_leeb,anaer.tvc,2,1,1
6,oven,bsfl,leeb,oven_leeb,anaer.tvc,3,1,1
0,oven,mw,control,oven,bsc,1,3.27,1.95
0,oven,mw,control,oven,bsc,2,3.11,1.95
0,oven,mw,control,oven,bsc,3,3.2,1.95
0,oven,mw,leeb,oven_leeb,bsc,1,2.05,1.95
0,oven,mw,leeb,oven_leeb,bsc,2,2.3,1.95
0,oven,mw,leeb,oven_leeb,bsc,3,2.45,1.95
1,oven,mw,control,oven,bsc,1,3.5,1.95
1,oven,mw,control,oven,bsc,2,3.44,1.95
1,oven,mw,control,oven,bsc,3,3.48,1.95
1,oven,mw,leeb,oven_leeb,bsc,1,1.95,1.95
1,oven,mw,leeb,oven_leeb,bsc,2,1.95,1.95
1,oven,mw,leeb,oven_leeb,bsc,3,1.95,1.95
2,oven,mw,control,oven,bsc,1,3.72,1.95
2,oven,mw,control,oven,bsc,2,3.72,1.95
2,oven,mw,control,oven,bsc,3,3.66,1.95
2,oven,mw,leeb,oven_leeb,bsc,1,2.21,1.95
2,oven,mw,leeb,oven_leeb,bsc,2,2.39,1.95
2,oven,mw,leeb,oven_leeb,bsc,3,2.65,1.95
3,oven,mw,control,oven,bsc,1,3.59,1.95
3,oven,mw,control,oven,bsc,2,3.59,1.95
3,oven,mw,control,oven,bsc,3,3.58,1.95
3,oven,mw,leeb,oven_leeb,bsc,1,2.42,1.95
3,oven,mw,leeb,oven_leeb,bsc,2,2.82,1.95
3,oven,mw,leeb,oven_leeb,bsc,3,2.83,1.95
4,oven,mw,control,oven,bsc,1,3.7,1.95
4,oven,mw,control,oven,bsc,2,3.58,1.95
4,oven,mw,control,oven,bsc,3,3.45,1.95
4,oven,mw,leeb,oven_leeb,bsc,1,2.27,1.95
4,oven,mw,leeb,oven_leeb,bsc,2,2.21,1.95
4,oven,mw,leeb,oven_leeb,bsc,3,2.51,1.95
5,oven,mw,control,oven,bsc,1,3.75,1.95
5,oven,mw,control,oven,bsc,2,3.58,1.95
5,oven,mw,control,oven,bsc,3,3.52,1.95
5,oven,mw,leeb,oven_leeb,bsc,1,2.41,1.95
5,oven,mw,leeb,oven_leeb,bsc,2,2.15,1.95
5,oven,mw,leeb,oven_leeb,bsc,3,1.95,1.95
6,oven,mw,control,oven,bsc,1,3.54,1.95
6,oven,mw,control,oven,bsc,2,3.63,1.95
6,oven,mw,control,oven,bsc,3,3.48,1.95
6,oven,mw,leeb,oven_leeb,bsc,1,2.05,1.95
6,oven,mw,leeb,oven_leeb,bsc,2,2.27,1.95
6,oven,mw,leeb,oven_leeb,bsc,3,2.72,1.95
0,oven,bsfl,control,oven,bsc,1,4.14,1.95
0,oven,bsfl,control,oven,bsc,2,3.6,1.95
0,oven,bsfl,control,oven,bsc,3,3.45,1.95
0,oven,bsfl,leeb,oven_leeb,bsc,1,1.95,1.95
0,oven,bsfl,leeb,oven_leeb,bsc,2,2.24,1.95
0,oven,bsfl,leeb,oven_leeb,bsc,3,1.95,1.95
1,oven,bsfl,control,oven,bsc,1,3.88,1.95
1,oven,bsfl,control,oven,bsc,2,3.44,1.95
1,oven,bsfl,control,oven,bsc,3,4.01,1.95
1,oven,bsfl,leeb,oven_leeb,bsc,1,2.31,1.95
1,oven,bsfl,leeb,oven_leeb,bsc,2,2.31,1.95
1,oven,bsfl,leeb,oven_leeb,bsc,3,2.21,1.95
2,oven,bsfl,control,oven,bsc,1,2.28,1.95
2,oven,bsfl,control,oven,bsc,2,4,1.95
2,oven,bsfl,control,oven,bsc,3,2.57,1.95
2,oven,bsfl,leeb,oven_leeb,bsc,1,2.62,1.95
2,oven,bsfl,leeb,oven_leeb,bsc,2,1.95,1.95
2,oven,bsfl,leeb,oven_leeb,bsc,3,1.95,1.95
3,oven,bsfl,control,oven,bsc,1,3.64,1.95
3,oven,bsfl,control,oven,bsc,2,3.77,1.95
3,oven,bsfl,control,oven,bsc,3,3.37,1.95
3,oven,bsfl,leeb,oven_leeb,bsc,1,2.54,1.95
3,oven,bsfl,leeb,oven_leeb,bsc,2,2.25,1.95
3,oven,bsfl,leeb,oven_leeb,bsc,3,2.31,1.95
4,oven,bsfl,control,oven,bsc,1,3.85,1.95
4,oven,bsfl,control,oven,bsc,2,3.74,1.95
4,oven,bsfl,control,oven,bsc,3,4.13,1.95
4,oven,bsfl,leeb,oven_leeb,bsc,1,2.05,1.95
4,oven,bsfl,leeb,oven_leeb,bsc,2,2.25,1.95
4,oven,bsfl,leeb,oven_leeb,bsc,3,2.05,1.95
5,oven,bsfl,control,oven,bsc,1,3.5,1.95
5,oven,bsfl,control,oven,bsc,2,3.35,1.95
5,oven,bsfl,control,oven,bsc,3,3.41,1.95
5,oven,bsfl,leeb,oven_leeb,bsc,1,2.37,1.95
5,oven,bsfl,leeb,oven_leeb,bsc,2,2.71,1.95
5,oven,bsfl,leeb,oven_leeb,bsc,3,2.98,1.95
6,oven,bsfl,control,oven,bsc,1,3.45,1.95
6,oven,bsfl,control,oven,bsc,2,3.57,1.95
6,oven,bsfl,control,oven,bsc,3,3.61,1.95
6,oven,bsfl,leeb,oven_leeb,bsc,1,2.57,1.95
6,oven,bsfl,leeb,oven_leeb,bsc,2,2.67,1.95
6,oven,bsfl,leeb,oven_leeb,bsc,3,2.25,1.95
0,oven,mw,control,oven,anaer.bsc,1,1.86,1
0,oven,mw,control,oven,anaer.bsc,2,2.06,1
0,oven,mw,control,oven,anaer.bsc,3,1.89,1
0,oven,mw,leeb,oven_leeb,anaer.bsc,1,1.2,1
0,oven,mw,leeb,oven_leeb,anaer.bsc,2,1.1,1
1,oven,mw,control,oven,anaer.bsc,1,1,1
1,oven,mw,control,oven,anaer.bsc,2,1,1
1,oven,mw,control,oven,anaer.bsc,3,1,1
1,oven,mw,leeb,oven_leeb,anaer.bsc,1,1,1
1,oven,mw,leeb,oven_leeb,anaer.bsc,2,1,1
1,oven,mw,leeb,oven_leeb,anaer.bsc,3,1,1
2,oven,mw,control,oven,anaer.bsc,1,2.94,1
2,oven,mw,control,oven,anaer.bsc,2,2.56,1
2,oven,mw,control,oven,anaer.bsc,3,2.52,1
2,oven,mw,leeb,oven_leeb,anaer.bsc,1,1,1
2,oven,mw,leeb,oven_leeb,anaer.bsc,2,1,1
2,oven,mw,leeb,oven_leeb,anaer.bsc,3,1,1
3,oven,mw,control,oven,anaer.bsc,1,3.04,1
3,oven,mw,control,oven,anaer.bsc,2,2.67,1
3,oven,mw,control,oven,anaer.bsc,3,2.04,1
3,oven,mw,leeb,oven_leeb,anaer.bsc,1,1,1
3,oven,mw,leeb,oven_leeb,anaer.bsc,2,1,1
3,oven,mw,leeb,oven_leeb,anaer.bsc,3,1,1
4,oven,mw,control,oven,anaer.bsc,1,3.44,1
4,oven,mw,control,oven,anaer.bsc,2,2.6,1
4,oven,mw,control,oven,anaer.bsc,3,1.79,1
4,oven,mw,leeb,oven_leeb,anaer.bsc,1,1.59,1
4,oven,mw,leeb,oven_leeb,anaer.bsc,2,1.84,1
4,oven,mw,leeb,oven_leeb,anaer.bsc,3,1.73,1
5,oven,mw,control,oven,anaer.bsc,1,3.03,1
5,oven,mw,control,oven,anaer.bsc,2,2.64,1
5,oven,mw,control,oven,anaer.bsc,3,2.16,1
5,oven,mw,leeb,oven_leeb,anaer.bsc,1,1.46,1
5,oven,mw,leeb,oven_leeb,anaer.bsc,2,1.46,1
5,oven,mw,leeb,oven_leeb,anaer.bsc,3,1.26,1
6,oven,mw,control,oven,anaer.bsc,1,2.27,1
6,oven,mw,control,oven,anaer.bsc,2,1.84,1
6,oven,mw,control,oven,anaer.bsc,3,1.36,1
6,oven,mw,leeb,oven_leeb,anaer.bsc,1,2.75,1
6,oven,mw,leeb,oven_leeb,anaer.bsc,2,1,1
6,oven,mw,leeb,oven_leeb,anaer.bsc,3,2.19,1
0,oven,bsfl,control,oven,anaer.bsc,1,1.56,1
0,oven,bsfl,control,oven,anaer.bsc,2,2.06,1
0,oven,bsfl,control,oven,anaer.bsc,3,1.15,1
0,oven,bsfl,leeb,oven_leeb,anaer.bsc,1,1,1
0,oven,bsfl,leeb,oven_leeb,anaer.bsc,2,1,1
0,oven,bsfl,leeb,oven_leeb,anaer.bsc,3,1,1
1,oven,bsfl,control,oven,anaer.bsc,1,2.17,1
1,oven,bsfl,control,oven,anaer.bsc,2,1.6,1
1,oven,bsfl,control,oven,anaer.bsc,3,1.6,1
1,oven,bsfl,leeb,oven_leeb,anaer.bsc,1,1,1
1,oven,bsfl,leeb,oven_leeb,anaer.bsc,2,1,1
1,oven,bsfl,leeb,oven_leeb,anaer.bsc,3,1,1
3,oven,bsfl,control,oven,anaer.bsc,1,1.63,1
3,oven,bsfl,control,oven,anaer.bsc,2,1.67,1
3,oven,bsfl,control,oven,anaer.bsc,3,2.18,1
3,oven,bsfl,leeb,oven_leeb,anaer.bsc,1,1,1
3,oven,bsfl,leeb,oven_leeb,anaer.bsc,2,1,1
3,oven,bsfl,leeb,oven_leeb,anaer.bsc,3,1,1
4,oven,bsfl,control,oven,anaer.bsc,1,3.1,1
4,oven,bsfl,control,oven,anaer.bsc,2,3.14,1
4,oven,bsfl,control,oven,anaer.bsc,3,3.56,1
4,oven,bsfl,leeb,oven_leeb,anaer.bsc,1,1,1
4,oven,bsfl,leeb,oven_leeb,anaer.bsc,2,1.63,1
4,oven,bsfl,leeb,oven_leeb,anaer.bsc,3,1,1
5,oven,bsfl,control,oven,anaer.bsc,1,2.1,1
5,oven,bsfl,control,oven,anaer.bsc,2,1.95,1
5,oven,bsfl,control,oven,anaer.bsc,3,3.45,1
5,oven,bsfl,leeb,oven_leeb,anaer.bsc,1,1,1
5,oven,bsfl,leeb,oven_leeb,anaer.bsc,2,1,1
5,oven,bsfl,leeb,oven_leeb,anaer.bsc,3,1,1
6,oven,bsfl,control,oven,anaer.bsc,1,1,1
6,oven,bsfl,control,oven,anaer.bsc,2,1,1
6,oven,bsfl,control,oven,anaer.bsc,3,1,1
6,oven,bsfl,leeb,oven_leeb,anaer.bsc,1,1,1
6,oven,bsfl,leeb,oven_leeb,anaer.bsc,2,1,1
6,oven,bsfl,leeb,oven_leeb,anaer.bsc,3,1,1
0,oven,mw,control,oven,ym,1,1.95,1.95
0,oven,mw,control,oven,ym,2,1.95,1.95
0,oven,mw,control,oven,ym,3,1.95,1.95
0,oven,mw,leeb,oven_leeb,ym,1,1.95,1.95
0,oven,mw,leeb,oven_leeb,ym,2,1.95,1.95
0,oven,mw,leeb,oven_leeb,ym,3,1.95,1.95
1,oven,mw,control,oven,ym,1,1.95,1.95
1,oven,mw,control,oven,ym,2,1.95,1.95
1,oven,mw,control,oven,ym,3,1.95,1.95
1,oven,mw,leeb,oven_leeb,ym,1,1.95,1.95
1,oven,mw,leeb,oven_leeb,ym,2,1.95,1.95
1,oven,mw,leeb,oven_leeb,ym,3,1.95,1.95
2,oven,mw,control,oven,ym,1,5.38,1.95
2,oven,mw,control,oven,ym,2,4.93,1.95
2,oven,mw,control,oven,ym,3,4.93,1.95
2,oven,mw,leeb,oven_leeb,ym,1,2.15,1.95
2,oven,mw,leeb,oven_leeb,ym,2,2.25,1.95
2,oven,mw,leeb,oven_leeb,ym,3,2.25,1.95
3,oven,mw,control,oven,ym,1,4.13,1.95
3,oven,mw,control,oven,ym,2,4.13,1.95
3,oven,mw,control,oven,ym,3,3.5,1.95
3,oven,mw,leeb,oven_leeb,ym,1,2.61,1.95
3,oven,mw,leeb,oven_leeb,ym,2,2.19,1.95
3,oven,mw,leeb,oven_leeb,ym,3,2.87,1.95
4,oven,mw,control,oven,ym,1,3.95,1.95
4,oven,mw,control,oven,ym,2,4.02,1.95
4,oven,mw,control,oven,ym,3,3.98,1.95
4,oven,mw,leeb,oven_leeb,ym,1,2.19,1.95
4,oven,mw,leeb,oven_leeb,ym,2,2.31,1.95
4,oven,mw,leeb,oven_leeb,ym,3,2.84,1.95
5,oven,mw,control,oven,ym,1,3.97,1.95
5,oven,mw,control,oven,ym,2,3.01,1.95
5,oven,mw,control,oven,ym,3,2.77,1.95
5,oven,mw,leeb,oven_leeb,ym,1,1.95,1.95
5,oven,mw,leeb,oven_leeb,ym,2,1.95,1.95
5,oven,mw,leeb,oven_leeb,ym,3,1.95,1.95
6,oven,mw,control,oven,ym,1,4.34,1.95
6,oven,mw,control,oven,ym,2,4.22,1.95
6,oven,mw,control,oven,ym,3,3.9,1.95
6,oven,mw,leeb,oven_leeb,ym,1,1.95,1.95
6,oven,mw,leeb,oven_leeb,ym,2,2.21,1.95
6,oven,mw,leeb,oven_leeb,ym,3,2.21,1.95
0,oven,bsfl,control,oven,ym,1,1.95,1.95
0,oven,bsfl,control,oven,ym,2,1.95,1.95
0,oven,bsfl,control,oven,ym,3,1.95,1.95
0,oven,bsfl,leeb,oven_leeb,ym,1,1.95,1.95
0,oven,bsfl,leeb,oven_leeb,ym,2,1.95,1.95
0,oven,bsfl,leeb,oven_leeb,ym,3,1.95,1.95
1,oven,bsfl,control,oven,ym,1,1.95,1.95
1,oven,bsfl,control,oven,ym,2,1.95,1.95
1,oven,bsfl,control,oven,ym,3,1.95,1.95
1,oven,bsfl,leeb,oven_leeb,ym,1,1.95,1.95
1,oven,bsfl,leeb,oven_leeb,ym,2,1.95,1.95
1,oven,bsfl,leeb,oven_leeb,ym,3,1.95,1.95
3,oven,bsfl,control,oven,ym,1,1.95,1.95
3,oven,bsfl,control,oven,ym,2,1.95,1.95
3,oven,bsfl,control,oven,ym,3,1.95,1.95
3,oven,bsfl,leeb,oven_leeb,ym,1,1.95,1.95
3,oven,bsfl,leeb,oven_leeb,ym,2,1.95,1.95
3,oven,bsfl,leeb,oven_leeb,ym,3,1.95,1.95
4,oven,bsfl,control,oven,ym,1,1.95,1.95
4,oven,bsfl,control,oven,ym,2,1.95,1.95
4,oven,bsfl,control,oven,ym,3,1.95,1.95
4,oven,bsfl,leeb,oven_leeb,ym,1,1.95,1.95
4,oven,bsfl,leeb,oven_leeb,ym,2,1.95,1.95
4,oven,bsfl,leeb,oven_leeb,ym,3,1.95,1.95
5,oven,bsfl,control,oven,ym,1,2.653,1.95
5,oven,bsfl,control,oven,ym,2,2.69,1.95
5,oven,bsfl,control,oven,ym,3,2.76,1.95
5,oven,bsfl,leeb,oven_leeb,ym,1,1.95,1.95
5,oven,bsfl,leeb,oven_leeb,ym,2,1.95,1.95
5,oven,bsfl,leeb,oven_leeb,ym,3,1.95,1.95
6,oven,bsfl,control,oven,ym,1,2.21,1.95
6,oven,bsfl,control,oven,ym,2,1.95,1.95
6,oven,bsfl,control,oven,ym,3,2.41,1.95
6,oven,bsfl,leeb,oven_leeb,ym,1,1.95,1.95
6,oven,bsfl,leeb,oven_leeb,ym,2,1.95,1.95
6,oven,bsfl,leeb,oven_leeb,ym,3,1.95,1.95
0,micro,mw,control,micro,tvc,1,,1.95
0,micro,mw,control,micro,tvc,2,,1.95
0,micro,mw,leeb,micro_leeb,tvc,1,,1.95
0,micro,mw,leeb,micro_leeb,tvc,2,,1.95
0,micro,mw,control,micro,bsc,1,,1.95
0,micro,mw,control,micro,bsc,2,,1.95
0,micro,mw,leeb,micro_leeb,bsc,1,,1.95
0,micro,mw,leeb,micro_leeb,bsc,2,,1.95
0,micro,mw,control,micro,anaer.tvc,1,3.14,1
0,micro,mw,control,micro,anaer.tvc,2,2.46,1
0,micro,mw,leeb,micro_leeb,anaer.tvc,1,1,1
0,micro,mw,leeb,micro_leeb,anaer.tvc,2,1,1
0,micro,mw,control,micro,anaer.bsc,1,1,1
0,micro,mw,control,micro,anaer.bsc,2,1,1
0,micro,mw,leeb,micro_leeb,anaer.bsc,1,1,1
0,micro,mw,leeb,micro_leeb,anaer.bsc,2,1,1
0,micro,bsfl,control,micro,tvc,1,5.11,1.95
0,micro,bsfl,control,micro,tvc,2,5.96,1.95
0,micro,bsfl,leeb,micro_leeb,tvc,1,3.52,1.95
0,micro,bsfl,leeb,micro_leeb,tvc,2,3.59,1.95
0,micro,bsfl,control,micro,bsc,1,1,1.95
0,micro,bsfl,control,micro,bsc,2,1,1.95
0,micro,bsfl,leeb,micro_leeb,bsc,1,1,1.95
0,micro,bsfl,leeb,micro_leeb,bsc,2,1,1.95
0,micro,bsfl,control,micro,anaer.tvc,1,1,1
0,micro,bsfl,control,micro,anaer.tvc,2,1,1
0,micro,bsfl,leeb,micro_leeb,anaer.tvc,1,1,1
0,micro,bsfl,leeb,micro_leeb,anaer.tvc,2,1,1
0,micro,bsfl,control,micro,anaer.bsc,1,1,1
0,micro,bsfl,control,micro,anaer.bsc,2,1,1
0,micro,bsfl,leeb,micro_leeb,anaer.bsc,1,1,1
0,micro,bsfl,leeb,micro_leeb,anaer.bsc,2,1,1
0,oven,mw,control,oven,moisture_content,1,6.74,
0,oven,mw,control,oven,moisture_content,2,6.32,
0,oven,mw,leeb,oven_leeb,moisture_content,1,6.35,
0,oven,mw,leeb,oven_leeb,moisture_content,2,6.01,
0,oven,mw,leeb,oven_leeb,moisture_content,3,6.38,
1,oven,mw,control,oven,moisture_content,1,7,
1,oven,mw,control,oven,moisture_content,2,6.8,
1,oven,mw,control,oven,moisture_content,3,7.3,
1,oven,mw,leeb,oven_leeb,moisture_content,1,6.7,
1,oven,mw,leeb,oven_leeb,moisture_content,2,6.7,
1,oven,mw,leeb,oven_leeb,moisture_content,3,6.9,
2,oven,mw,control,oven,moisture_content,1,6.8,
2,oven,mw,control,oven,moisture_content,2,6.6,
2,oven,mw,control,oven,moisture_content,3,6.8,
2,oven,mw,leeb,oven_leeb,moisture_content,1,6.7,
2,oven,mw,leeb,oven_leeb,moisture_content,2,7.1,
2,oven,mw,leeb,oven_leeb,moisture_content,3,6.3,
3,oven,mw,control,oven,moisture_content,1,6.6,
3,oven,mw,control,oven,moisture_content,2,6.6,
3,oven,mw,control,oven,moisture_content,3,6.5,
3,oven,mw,leeb,oven_leeb,moisture_content,1,5.4,
3,oven,mw,leeb,oven_leeb,moisture_content,2,6.6,
3,oven,mw,leeb,oven_leeb,moisture_content,3,6.1,
4,oven,mw,control,oven,moisture_content,1,8.1,
4,oven,mw,control,oven,moisture_content,2,7.8,
4,oven,mw,control,oven,moisture_content,3,7.9,
4,oven,mw,leeb,oven_leeb,moisture_content,1,8.1,
4,oven,mw,leeb,oven_leeb,moisture_content,2,7.8,
4,oven,mw,leeb,oven_leeb,moisture_content,3,9,
5,oven,mw,control,oven,moisture_content,1,8,
5,oven,mw,control,oven,moisture_content,2,8.3,
5,oven,mw,control,oven,moisture_content,3,8.2,
5,oven,mw,leeb,oven_leeb,moisture_content,1,8.5,
5,oven,mw,leeb,oven_leeb,moisture_content,2,8.5,
5,oven,mw,leeb,oven_leeb,moisture_content,3,8.6,
6,oven,mw,control,oven,moisture_content,1,7.4,
6,oven,mw,control,oven,moisture_content,2,7,
6,oven,mw,control,oven,moisture_content,3,6.8,
6,oven,mw,leeb,oven_leeb,moisture_content,1,7.2,
6,oven,mw,leeb,oven_leeb,moisture_content,2,7.1,
6,oven,mw,leeb,oven_leeb,moisture_content,3,7.6,
0,oven,bsfl,control,oven,moisture_content,1,2.4,
0,oven,bsfl,control,oven,moisture_content,2,2.2,
0,oven,bsfl,control,oven,moisture_content,3,2.3,
0,oven,bsfl,leeb,oven_leeb,moisture_content,1,2.4,
0,oven,bsfl,leeb,oven_leeb,moisture_content,2,2.3,
0,oven,bsfl,leeb,oven_leeb,moisture_content,3,2.6,
1,oven,bsfl,control,oven,moisture_content,1,3.1,
1,oven,bsfl,control,oven,moisture_content,2,2.8,
1,oven,bsfl,control,oven,moisture_content,3,3,
1,oven,bsfl,leeb,oven_leeb,moisture_content,1,3,
1,oven,bsfl,leeb,oven_leeb,moisture_content,2,3.3,
1,oven,bsfl,leeb,oven_leeb,moisture_content,3,3.1,
2,oven,bsfl,control,oven,moisture_content,1,4.4,
2,oven,bsfl,control,oven,moisture_content,2,4.2,
2,oven,bsfl,control,oven,moisture_content,3,4,
2,oven,bsfl,leeb,oven_leeb,moisture_content,1,4.3,
2,oven,bsfl,leeb,oven_leeb,moisture_content,2,4.5,
2,oven,bsfl,leeb,oven_leeb,moisture_content,3,4.3,
3,oven,bsfl,control,oven,moisture_content,1,4.1,
3,oven,bsfl,control,oven,moisture_content,2,4,
3,oven,bsfl,control,oven,moisture_content,3,3.9,
3,oven,bsfl,leeb,oven_leeb,moisture_content,1,4.2,
3,oven,bsfl,leeb,oven_leeb,moisture_content,2,4.4,
3,oven,bsfl,leeb,oven_leeb,moisture_content,3,4.4,
4,oven,bsfl,control,oven,moisture_content,1,5.3,
4,oven,bsfl,control,oven,moisture_content,2,5.3,
4,oven,bsfl,control,oven,moisture_content,3,5.1,
4,oven,bsfl,leeb,oven_leeb,moisture_content,1,5,
4,oven,bsfl,leeb,oven_leeb,moisture_content,2,5,
4,oven,bsfl,leeb,oven_leeb,moisture_content,3,4.9,
5,oven,bsfl,control,oven,moisture_content,1,5.4,
5,oven,bsfl,control,oven,moisture_content,2,5.4,
5,oven,bsfl,control,oven,moisture_content,3,5.5,
5,oven,bsfl,leeb,oven_leeb,moisture_content,1,5.7,
5,oven,bsfl,leeb,oven_leeb,moisture_content,2,5.5,
5,oven,bsfl,leeb,oven_leeb,moisture_content,3,5.7,
6,oven,bsfl,control,oven,moisture_content,1,4.9,
6,oven,bsfl,control,oven,moisture_content,2,4.9,
6,oven,bsfl,control,oven,moisture_content,3,4.9,
6,oven,bsfl,leeb,oven_leeb,moisture_content,1,4.7,
6,oven,bsfl,leeb,oven_leeb,moisture_content,2,4.9,
6,oven,bsfl,leeb,oven_leeb,moisture_content,3,5,
0,oven,mw,control,oven,aw,1,0.41,
0,oven,mw,control,oven,aw,2,0.42,
0,oven,mw,control,oven,aw,3,0.42,
0,oven,mw,leeb,oven_leeb,aw,1,0.41,
0,oven,mw,leeb,oven_leeb,aw,2,0.41,
0,oven,mw,leeb,oven_leeb,aw,3,0.41,
1,oven,mw,control,oven,aw,1,0.46,
1,oven,mw,control,oven,aw,2,0.45,
1,oven,mw,control,oven,aw,3,0.46,
1,oven,mw,leeb,oven_leeb,aw,1,0.44,
1,oven,mw,leeb,oven_leeb,aw,2,0.43,
1,oven,mw,leeb,oven_leeb,aw,3,0.44,
2,oven,mw,control,oven,aw,1,0.5,
2,oven,mw,control,oven,aw,2,0.5,
2,oven,mw,control,oven,aw,3,0.41,
2,oven,mw,leeb,oven_leeb,aw,1,0.42,
2,oven,mw,leeb,oven_leeb,aw,2,0.43,
2,oven,mw,leeb,oven_leeb,aw,3,0.41,
3,oven,mw,control,oven,aw,1,0.48,
3,oven,mw,control,oven,aw,2,0.44,
3,oven,mw,control,oven,aw,3,0.4,
3,oven,mw,leeb,oven_leeb,aw,1,0.46,
3,oven,mw,leeb,oven_leeb,aw,2,0.42,
3,oven,mw,leeb,oven_leeb,aw,3,0.37,
4,oven,mw,control,oven,aw,1,0.54,
4,oven,mw,control,oven,aw,2,0.53,
4,oven,mw,control,oven,aw,3,0.52,
4,oven,mw,leeb,oven_leeb,aw,1,0.52,
4,oven,mw,leeb,oven_leeb,aw,2,0.46,
4,oven,mw,leeb,oven_leeb,aw,3,0.48,
5,oven,mw,control,oven,aw,1,0.56,
5,oven,mw,control,oven,aw,2,0.53,
5,oven,mw,control,oven,aw,3,0.51,
5,oven,mw,leeb,oven_leeb,aw,1,0.51,
5,oven,mw,leeb,oven_leeb,aw,2,0.5,
5,oven,mw,leeb,oven_leeb,aw,3,0.47,
6,oven,mw,control,oven,aw,1,0.54,
6,oven,mw,control,oven,aw,2,0.49,
6,oven,mw,control,oven,aw,3,0.49,
6,oven,mw,leeb,oven_leeb,aw,1,0.47,
6,oven,mw,leeb,oven_leeb,aw,2,0.5,
6,oven,mw,leeb,oven_leeb,aw,3,0.5,
0,oven,bsfl,control,oven,aw,1,0.38,
0,oven,bsfl,control,oven,aw,2,0.3,
0,oven,bsfl,control,oven,aw,3,0.31,
0,oven,bsfl,leeb,oven_leeb,aw,1,0.31,
0,oven,bsfl,leeb,oven_leeb,aw,2,0.3,
0,oven,bsfl,leeb,oven_leeb,aw,3,0.3,
1,oven,bsfl,control,oven,aw,1,0.36,
1,oven,bsfl,control,oven,aw,2,0.4,
1,oven,bsfl,control,oven,aw,3,0.37,
1,oven,bsfl,leeb,oven_leeb,aw,1,0.38,
1,oven,bsfl,leeb,oven_leeb,aw,2,0.38,
1,oven,bsfl,leeb,oven_leeb,aw,3,0.37,
2,oven,bsfl,control,oven,aw,1,0.43,
2,oven,bsfl,control,oven,aw,2,0.41,
2,oven,bsfl,control,oven,aw,3,0.41,
2,oven,bsfl,leeb,oven_leeb,aw,1,0.4,
2,oven,bsfl,leeb,oven_leeb,aw,2,0.41,
2,oven,bsfl,leeb,oven_leeb,aw,3,0.42,
3,oven,bsfl,control,oven,aw,1,0.41,
3,oven,bsfl,control,oven,aw,2,0.41,
3,oven,bsfl,control,oven,aw,3,0.4,
3,oven,bsfl,leeb,oven_leeb,aw,1,0.41,
3,oven,bsfl,leeb,oven_leeb,aw,2,0.42,
3,oven,bsfl,leeb,oven_leeb,aw,3,0.4,
4,oven,bsfl,control,oven,aw,1,0.48,
4,oven,bsfl,control,oven,aw,2,0.49,
4,oven,bsfl,control,oven,aw,3,0.48,
4,oven,bsfl,leeb,oven_leeb,aw,1,0.47,
4,oven,bsfl,leeb,oven_leeb,aw,2,0.46,
4,oven,bsfl,leeb,oven_leeb,aw,3,0.47,
5,oven,bsfl,control,oven,aw,1,0.49,
5,oven,bsfl,control,oven,aw,2,0.48,
5,oven,bsfl,control,oven,aw,3,0.47,
5,oven,bsfl,leeb,oven_leeb,aw,1,0.47,
5,oven,bsfl,leeb,oven_leeb,aw,2,0.49,
5,oven,bsfl,leeb,oven_leeb,aw,3,0.47,
6,oven,bsfl,control,oven,aw,1,0.45,
6,oven,bsfl,control,oven,aw,2,0.43,
6,oven,bsfl,control,oven,aw,3,0.43,
6,oven,bsfl,leeb,oven_leeb,aw,1,0.44,
6,oven,bsfl,leeb,oven_leeb,aw,2,0.44,
6,oven,bsfl,leeb,oven_leeb,aw,3,0.42,
0,micro,bsfl,control,micro,moisture_content,1,6.2,
0,micro,bsfl,control,micro,moisture_content,2,6.3,
0,micro,bsfl,leeb,micro_leeb,moisture_content,1,7.3,
0,micro,bsfl,leeb,micro_leeb,moisture_content,2,7.2,
0,micro,mw,control,micro,moisture_content,1,6.1,
0,micro,mw,control,micro,moisture_content,2,6.1,
0,micro,mw,leeb,micro_leeb,moisture_content,1,5.9,
0,micro,mw,leeb,micro_leeb,moisture_content,2,6,
0,micro,bsfl,control,micro,aw,1,0.41,
0,micro,bsfl,control,micro,aw,2,0.38,
0,micro,bsfl,leeb,micro_leeb,aw,1,0.44,
0,micro,bsfl,leeb,micro_leeb,aw,2,0.43,
0,micro,mw,control,micro,aw,1,0.47,
0,micro,mw,control,micro,aw,2,0.47,
0,micro,mw,leeb,micro_leeb,aw,1,0.47,
0,micro,mw,leeb,micro_leeb,aw,2,0.46,
